feature,score,min,max,n_null,n_gt1w
x148,1717,-1.0,22.45,19,0,numeric
x2,1326,-1.0,56.41,19,0,numeric
x363,1307,0.0,692.0,0,0,numeric
x767,1226,-1,302150,19,1541,numeric
x367,1164,-1.0,33.2,92,0,numeric
x791,1131,-1,29982,19,4,numeric
x6,1109,-1.0,21.77,19,0,numeric
x951,1103,-1.0,14748.62,138,2,numeric
x606,1091,-1,86220,19,96,numeric
x735,1090,-1,443,19,0,numeric
x226,1048,-1.0,25.56,19,0,numeric
x407,1030,-1,735855,19,83,numeric
x53,1014,-1.0,100.0,92,0,numeric
x193,1001,-1.0,50.32,19,0,numeric
x482,983,-1,135922,23,758,numeric
x29,976,-1.0,88.8,83,0,numeric
x368,974,-1.0,40.0,92,0,numeric
x944,969,-1.0,3223695.97,285,136,numeric
x486,958,-1,2028938,20,9340,numeric
x554,958,-1,312,667,0,numeric
x171,953,-1.0,24.17,19,0,numeric
x352,950,0.01,726.0,0,0,numeric
x412,927,-1,1000,19,0,numeric
x114,898,-1.0,36.19,19,0,numeric
x137,878,-1.0,100.0,83,0,numeric
x200,871,-1.0,34.29,19,0,numeric
x135,869,-1.0,77.8,83,0,numeric
x404,857,-1,471,19,0,numeric
x940,838,-1.0,342075.0,285,38,numeric
x941,835,-1.0,499087.41,285,67,numeric
x96,830,-1.0,100.0,83,0,numeric
x138,830,-1.0,77.19,83,0,numeric
x82,829,-1.0,86.59,92,0,numeric
x145,810,-1.0,20.91,19,0,numeric
x995,809,-1,973,19,0,numeric
x58,804,-1.0,100.0,83,0,numeric
x235,785,-1.0,100.0,92,0,numeric
x189,782,-1.0,24.0,19,0,numeric
x191,781,-1.0,34.61,19,0,numeric
x406,778,-1,16706,19,62,numeric
x107,775,-1.0,31.87,19,0,numeric
x212,772,-1.0,100.0,131,0,numeric
x490,770,-1,120,19,0,numeric
x422,766,-1,254,19,0,numeric
x879,765,-1,24864,19,4,numeric
x42,761,-1.0,48.37,19,0,numeric
x168,758,-1.0,24.11,19,0,numeric
x10,757,-1.0,78.23,19,0,numeric
x433,753,-1.0,2480.62,52,0,numeric
x999,751,-1,445,19,0,numeric
x178,728,-1.0,50.0,92,0,numeric
x392,713,-1,735675,19,1,numeric
x192,713,-1.0,32.22,19,0,numeric
x43,704,-1.0,83.56,19,0,numeric
x591,702,-1,657,19,0,numeric
x234,697,-1.0,32.22,92,0,numeric
x125,696,-1.0,100.0,131,0,numeric
x142,696,-1.0,100.0,130,0,numeric
x72,694,-1.0,49.0,19,0,numeric
x364,693,-1.0,100.0,92,0,numeric
x336,692,-1,278,7095,0,numeric
x115,685,-1.0,41.8,19,0,numeric
x398,685,-85,735674,22,1,numeric
x1129,684,1,8,0,0,category
x952,683,-182.05,8902.83,206,0,numeric
x305,674,-1,875860,19,2241,numeric
x161,673,-1.0,100.0,131,0,numeric
x356,669,0.0,814.0,0,0,numeric
x607,669,-1,53193,19,10,numeric
x93,663,-1.0,100.0,83,0,numeric
x28,658,-1.0,100.0,83,0,numeric
x204,655,-1.0,72.57,92,0,numeric
x119,651,-1.0,56.37,92,0,numeric
x175,651,-1.0,30.19,19,0,numeric
x383,650,-1,141,19,0,numeric
x227,648,-1.0,25.68,19,0,numeric
x11,646,-1.0,78.1,19,0,numeric
x549,643,-1,343,846,0,numeric
x99,638,-1.0,100.0,130,0,numeric
x236,635,-1.0,100.0,131,0,numeric
x645,629,-1,333,2386,0,numeric
x199,629,-1.0,27.08,19,0,numeric
x37,627,-1.0,18.95,19,0,numeric
x494,626,-1,300,19,0,numeric
x8,626,-1.0,42.22,19,0,numeric
x552,622,-1,257,41,0,numeric
x79,620,-1.0,36.03,19,0,numeric
x218,616,-1.0,22.9,131,0,numeric
x26,615,-1.0,85.71,83,0,numeric
x101,600,-1.0,100.0,130,0,numeric
x584,596,-1,60288,19,45,numeric
x195,596,-1.0,25.42,19,0,numeric
x829,595,-1,39368,19,22,numeric
x110,594,-1.0,46.23,19,0,numeric
x986,592,-1,122,19,0,numeric
x950,592,-86.86,9810.62,161,0,numeric
x134,590,-1.0,100.0,83,0,numeric
x772,588,-1,19913,19,5,numeric
x737,588,-1,101,19,0,numeric
x113,584,-1.0,51.76,19,0,numeric
x94,582,-1.0,100.0,83,0,numeric
x346,581,0.01,2950.0,0,0,numeric
x92,580,-1.0,100.0,83,0,numeric
x417,578,1,2,0,0,category
x3,577,-1.0,48.99,19,0,numeric
x357,575,-100.26,9656.69,160,0,numeric
x458,574,0,37,0,0,numeric
x578,569,-1,8402,19,0,numeric
x55,569,-1.0,100.0,131,0,numeric
x159,569,-1.0,46.1,92,0,numeric
x210,562,-1.0,76.82,92,0,numeric
x172,562,-1.0,51.72,19,0,numeric
x112,561,-1.0,53.13,19,0,numeric
x9,558,-1.0,33.88,19,0,numeric
x190,557,-1.0,21.97,19,0,numeric
x559,555,-1,39032,19,122,numeric
x353,551,0.0,3676.0,0,0,numeric
x738,548,-1,10181,19,1,numeric
x362,546,0.0,620.0,0,0,numeric
x41,546,-1.0,34.24,19,0,numeric
x592,543,-1,131274,19,60,numeric
x162,541,-1.0,100.0,131,0,numeric
x65,541,-1.0,100.0,130,0,numeric
x13,541,-1.0,52.09,19,0,numeric
x38,541,-1.0,45.48,19,0,numeric
x70,537,-1.0,45.41,19,0,numeric
x149,537,-1.0,23.53,19,0,numeric
x681,533,-1,143,19,0,numeric
x165,533,-1.0,100.0,131,0,numeric
x295,532,-1,1320,19,0,numeric
x205,529,-1.0,57.14,92,0,numeric
x298,528,-1.0,101377.31,19,591,numeric
x44,528,-1.0,53.6,19,0,numeric
x943,527,-1.0,49966.49,285,8,numeric
x51,526,-1.0,28.57,92,0,numeric
x229,522,-1.0,34.76,19,0,numeric
x59,521,-1.0,75.0,83,0,numeric
x953,521,-34.74,9987.8,144,0,numeric
x564,520,-1,62,83,0,numeric
x428,518,-1.0,100.0,52,0,numeric
x424,518,-1,61,19,0,numeric
x778,515,-1,21777,19,1,numeric
x118,510,-1.0,79.38,92,0,numeric
x942,507,-1.0,3483648.0,285,172,numeric
x18,507,-1.0,40.86,92,0,numeric
x358,505,0.0,13120.0,0,1,numeric
x873,504,-1,5936,19,0,numeric
x109,503,-1.0,41.13,19,0,numeric
x121,502,-1.0,37.04,92,0,numeric
x961,502,-1,10,4421,0,numeric
x958,499,-1.0,278.69,6105,0,numeric
x1024,498,-1,799,19,0,numeric
x239,496,-1.0,52.78,131,0,numeric
x395,494,-1,279,19,0,numeric
x400,493,-1,693,19,0,numeric
x95,493,-1.0,79.68,83,0,numeric
x208,492,-1.0,100.0,92,0,numeric
x173,492,-1.0,35.29,19,0,numeric
x342,491,-1,5613,19,0,numeric
x179,490,-1.0,51.61,92,0,numeric
x689,489,-1,3359,19,0,numeric
x337,485,-1,735485,19,231,numeric
x462,484,0,164,0,0,numeric
x122,484,-1.0,66.67,92,0,numeric
x180,483,-1.0,33.33,92,0,numeric
x98,480,-1.0,100.0,130,0,numeric
x83,480,-1.0,100.0,92,0,numeric
x27,478,-1.0,100.0,83,0,numeric
x820,475,-1,320,989,0,numeric
x365,474,-1,6144,92,0,numeric
x123,472,-1.0,100.0,131,0,numeric
x68,471,-1.0,100.0,130,0,numeric
x146,471,-1.0,21.95,19,0,numeric
x211,469,-1.0,100.0,131,0,numeric
x84,465,-1.0,47.45,92,0,numeric
x81,463,-1.0,100.0,92,0,numeric
x656,462,-1,27947,19,2,numeric
x150,460,-1.0,40.0,19,0,numeric
x1117,458,1,35,0,0,category
x757,458,-1,96,19,0,numeric
x21,458,-1.0,68.95,131,0,numeric
x601,457,-1,3019,19,0,numeric
x40,456,-1.0,16.77,19,0,numeric
x120,455,-1.0,100.0,92,0,numeric
x14,454,-1.0,31.34,19,0,numeric
x183,453,-1.0,100.0,131,0,numeric
x323,453,-1.0,32.0,19,0,numeric
x158,453,-1.0,18.52,92,0,numeric
x359,452,0.0,1134854.0,0,9358,numeric
x956,452,-1,61,4421,0,numeric
x397,451,-1,1007,19,0,numeric
x19,449,-1.0,100.0,131,0,numeric
x477,448,-1,3400,20,0,numeric
x289,448,-1,361,907,0,numeric
x1018,448,-1,191,19,0,numeric
x71,447,-1.0,26.65,19,0,numeric
x167,445,-1.0,26.7,19,0,numeric
x252,444,-1,95053,19,31,numeric
x769,442,-1,120625,19,38,numeric
x434,441,-1.0,151.31,52,0,numeric
x35,441,-1.0,42.82,19,0,numeric
x169,441,-1.0,29.61,19,0,numeric
x223,439,-1.0,30.21,19,0,numeric
x292,436,-1,1443,19,0,numeric
x228,436,-1.0,28.0,19,0,numeric
x30,435,-1.0,100.0,130,0,numeric
x50,434,-1.0,14.29,92,0,numeric
x25,433,-1.0,66.05,83,0,numeric
x155,433,-1.0,42.86,92,0,numeric
x153,433,-1.0,41.67,19,0,numeric
x141,431,-1.0,100.0,130,0,numeric
x1114,430,1,36,0,0,category
x20,430,-1.0,100.0,131,0,numeric
x126,427,-1.0,100.0,131,0,numeric
x147,427,-1.0,20.32,19,0,numeric
x558,426,-1,52514,19,145,numeric
x219,425,-1.0,42.86,131,0,numeric
x418,425,-1,17,19,0,numeric
x366,424,-1.0,7748103.03,92,247,numeric
x481,423,-1,4369,20,0,numeric
x131,423,-1.0,42.86,131,0,numeric
x306,420,-1.0,620.0,19,0,numeric
x128,420,-1.0,100.0,131,0,numeric
x959,419,-1.0,247.14,4421,0,numeric
x74,419,-1.0,35.13,19,0,numeric
x1,417,-1.0,34.18,19,0,numeric
x52,416,-1.0,46.1,92,0,numeric
x39,414,-1.0,17.6,19,0,numeric
x46,413,-1.0,33.89,19,0,numeric
x76,412,-1.0,71.85,19,0,numeric
x164,412,-1.0,50.0,131,0,numeric
x231,411,-1.0,26.5,19,0,numeric
x1026,410,-1,97,19,0,numeric
x136,409,-1.0,51.79,83,0,numeric
x106,409,-1.0,34.8,19,0,numeric
x347,408,0.0,1597488.0,0,13231,numeric
x88,405,-1.0,100.0,131,0,numeric
x188,404,-1.0,21.39,19,0,numeric
x690,403,-1,27933,19,3,numeric
x878,402,-1,723,19,0,numeric
x551,402,-1,363,2307,0,numeric
x24,401,-1.0,52.78,131,0,numeric
x700,399,-1,103,19,0,numeric
x914,398,-1.0,198.76,4951,0,numeric
x852,397,-1,24189,19,33,numeric
x771,396,-1,122906,19,129,numeric
x427,396,-1.0,151.31,52,0,numeric
x66,396,-1.0,100.0,130,0,numeric
x413,395,-1,54,19,0,numeric
x474,393,-1,736,20,0,numeric
x185,393,-1.0,100.0,131,0,numeric
x207,391,-1.0,55.56,92,0,numeric
x409,388,-1.0,1824.0,19,0,numeric
x348,387,0.0,100.0,0,0,numeric
x130,387,-1.0,100.0,131,0,numeric
x156,386,-1.0,100.0,92,0,numeric
x293,383,-1.0,169691.14,19,474,numeric
x163,383,-1.0,100.0,131,0,numeric
x47,383,-1.0,53.4,92,0,numeric
x213,382,-1.0,100.0,131,0,numeric
x184,382,-1.0,100.0,131,0,numeric
x157,382,-1.0,40.0,92,0,numeric
x222,380,-1.0,14.08,19,0,numeric
x181,379,-1.0,40.0,92,0,numeric
x129,378,-1.0,66.67,131,0,numeric
x361,377,0.0,708502.0,0,9700,numeric
x237,377,-1.0,50.0,131,0,numeric
x842,375,-1,35156,19,9,numeric
x430,374,-1.0,456.0,52,0,numeric
x856,374,-1,323,19,0,numeric
x124,373,-1.0,100.0,131,0,numeric
x499,372,-1,344,19,0,numeric
x57,372,-1.0,100.0,131,0,numeric
x1019,371,-1,109,19,0,numeric
x144,371,-1.0,100.0,130,0,numeric
x240,370,-1.0,100.0,131,0,numeric
x977,369,-1,1776,19,0,numeric
x89,369,-1.0,100.0,131,0,numeric
x209,369,-1.0,28.57,92,0,numeric
x31,368,-1.0,100.0,130,0,numeric
x259,367,-1,18966,19,4,numeric
x132,366,-1.0,100.0,131,0,numeric
x1138,365,1,33,0,0,category
x478,365,-1,4369,20,0,numeric
x4,365,-1.0,78.13,19,0,numeric
x143,363,-1.0,100.0,130,0,numeric
x864,360,-1,7078,19,0,numeric
x957,360,-1,61,4421,0,numeric
x241,358,-1,74077,19,36,numeric
x102,358,-1.0,100.0,130,0,numeric
x634,357,-1,25110,19,2,numeric
x288,357,-1,428,7817,0,numeric
x350,356,0.0,1060.0,0,0,numeric
x590,356,-1,544,19,0,numeric
x214,353,-1.0,100.0,131,0,numeric
x270,352,-1,371789,19,852,numeric
x583,352,-1,792,19,0,numeric
x140,352,-1.0,100.0,130,0,numeric
x67,352,-1.0,100.0,130,0,numeric
x206,351,-1.0,100.0,92,0,numeric
x176,350,-1.0,100.0,92,0,numeric
x825,349,-1,52934,19,32,numeric
x534,348,-1,162,19,0,numeric
x304,347,-1,2921,19,0,numeric
x996,347,-1,874,19,0,numeric
x652,344,-1,118,19,0,numeric
x545,343,-1,1321,19,0,numeric
x1055,342,-1,866,4951,0,numeric
x471,342,-1,355,20,0,numeric
x16,341,-1.0,72.57,92,0,numeric
x734,340,-1,57114,19,128,numeric
x246,339,-1,199397,19,871,numeric
x399,338,-1,122,19,0,numeric
x117,338,-1.0,68.76,92,0,numeric
x160,337,-1.0,85.71,131,0,numeric
x177,337,-1.0,50.0,92,0,numeric
x979,336,-1,1216,19,0,numeric
x966,335,-1.0,22414532.0,12142,1844,numeric
x396,333,-1,295,19,0,numeric
x976,332,-1,2578,19,0,numeric
x476,329,-1,2327,20,0,numeric
x63,329,-1.0,100.0,130,0,numeric
x36,329,-1.0,22.65,19,0,numeric
x963,329,-1,17,4421,0,numeric
x393,328,-1,2322,19,0,numeric
x15,328,-1.0,68.0,92,0,numeric
x186,326,-1.0,34.85,19,0,numeric
x822,325,-1,95326,19,329,numeric
x382,325,-1,123,19,0,numeric
x60,325,-1.0,100.0,83,0,numeric
x1077,324,-1,275,4951,0,numeric
x354,323,0.0,379328.0,0,2026,numeric
x294,323,-1,1325,19,0,numeric
x483,322,-1,585,20,0,numeric
x307,319,-1,1691,19,0,numeric
x655,319,-1,136,19,0,numeric
x1005,319,-1,73,19,0,numeric
x187,318,-1.0,13.39,19,0,numeric
x946,317,-1.0,2944.04,285,0,numeric
x479,317,-1,754,20,0,numeric
x296,317,-1.0,525.7,19,0,numeric
x469,316,0.0,1.2,0,0,numeric
x268,316,-1,1382,19,0,numeric
x730,316,-1,420,4139,0,numeric
x87,316,-1.0,85.71,131,0,numeric
x1137,315,1,8,0,0,category
x475,315,-1,1521,20,0,numeric
x403,315,-1,838,19,0,numeric
x557,314,-1,235196,19,4440,numeric
x890,314,-1,79,4951,0,numeric
x97,314,-1.0,28.57,83,0,numeric
x746,313,-1,14448,19,2,numeric
x766,313,-1,249,19,0,numeric
x196,313,-1.0,27.23,19,0,numeric
x1109,312,1,33,0,0,category
x54,312,-1.0,100.0,131,0,numeric
x909,312,-1,82,4951,0,numeric
x85,312,-1.0,27.94,92,0,numeric
x485,311,-1,5555,20,0,numeric
x217,311,-1.0,100.0,131,0,numeric
x1115,309,1,36,0,0,category
x768,309,-1,69027,19,31,numeric
x233,308,-1.0,100.0,92,0,numeric
x75,307,-1.0,19.98,19,0,numeric
x230,306,-1.0,16.43,19,0,numeric
x401,305,-1,505,19,0,numeric
x154,305,-1.0,100.0,92,0,numeric
x216,305,-1.0,66.67,131,0,numeric
x151,304,-1.0,26.09,19,0,numeric
x349,303,0.0,92.17,0,0,numeric
x286,303,-1,66370,19,29,numeric
x721,301,-1,10829,19,2,numeric
x232,301,-1.0,68.0,92,0,numeric
x556,300,-1,184,19,0,numeric
x514,299,-1,15950,19,2,numeric
x274,299,-1,356,12095,0,numeric
x80,299,-1.0,100.0,92,0,numeric
x325,299,-1,63,19,0,numeric
x182,298,-1.0,72.45,92,0,numeric
x649,297,-1,373,13242,0,numeric
x22,297,-1.0,50.0,131,0,numeric
x86,296,-1.0,100.0,92,0,numeric
x748,295,-1,83075,19,72,numeric
x1029,295,-1,87,19,0,numeric
x954,295,-1,18,4421,0,numeric
x698,294,-1,66452,19,7,numeric
x947,294,-1.0,8313.53,285,0,numeric
x329,294,-24.9121,51.79815,4281,0,numeric
x272,293,-1,45269,19,33,numeric
x266,293,-1,876,19,0,numeric
x1023,293,-1,487,19,0,numeric
x435,292,-1.0,81.05,52,0,numeric
x685,291,-1,241519,19,1893,numeric
x865,291,-1,20835,19,1,numeric
x338,291,-1,3538,19,0,numeric
x17,290,-1.0,100.0,92,0,numeric
x546,289,-1,351,3900,0,numeric
x548,289,-1,260,47,0,numeric
x334,289,-1,5,19,0,numeric
x506,287,-1,1075,19,0,numeric
x133,286,-1.0,61.62,83,0,numeric
x90,285,-1.0,100.0,131,0,numeric
x257,284,-1,30561,19,38,numeric
x851,284,-1,117,19,0,numeric
x421,283,-1,245,19,0,numeric
x104,282,-1.0,100.0,130,0,numeric
x100,282,-1.0,76.32,130,0,numeric
x105,281,-1.0,100.0,130,0,numeric
x277,279,-1,22804,19,4,numeric
x344,279,-1.0,1325.94,34,0,numeric
x568,277,-1,4460,19,0,numeric
x824,277,-1,192,19,0,numeric
x238,277,-1.0,100.0,131,0,numeric
x1110,276,1,33,0,0,category
x220,276,-1.0,30.61,19,0,numeric
x818,275,-1,385,13010,0,numeric
x62,274,-1.0,100.0,83,0,numeric
x1108,272,1,36,0,0,category
x524,272,-1,40811,19,14,numeric
x933,271,-1,71,4951,0,numeric
x198,270,-1.0,23.6,19,0,numeric
x760,269,-1,12692,19,2,numeric
x299,269,-1,1443,19,0,numeric
x297,268,-1.0,852.0,19,0,numeric
x846,267,-1,74671,19,27,numeric
x384,267,-1,153,19,0,numeric
x686,266,-1,26436,19,33,numeric
x339,266,-1,2210,19,0,numeric
x729,266,-1,369,9554,0,numeric
x111,263,-1.0,58.88,19,0,numeric
x166,263,-1.0,25.0,131,0,numeric
x254,261,-1,24779,19,1,numeric
x1103,261,-1,559,4951,0,numeric
x697,261,-1,98,19,0,numeric
x215,261,-1.0,50.0,131,0,numeric
x520,259,-1,27607,19,1,numeric
x152,258,-1.0,40.65,19,0,numeric
x484,257,-1,2990,20,0,numeric
x472,257,-1,395,20,0,numeric
x343,256,-1.0,999.46,170,0,numeric
x503,256,-1,284,83,0,numeric
x1130,255,1,8,0,0,category
x284,255,-1,49393,19,25,numeric
x73,255,-1.0,13.73,19,0,numeric
x282,254,-1,8902,19,0,numeric
x385,254,-1,208,19,0,numeric
x972,253,-1.0,22785057.0,13588,1335,numeric
x867,253,-1,19126,19,2,numeric
x731,253,-1,357,6130,0,numeric
x1004,252,-1,296,19,0,numeric
x194,252,-1.0,12.24,19,0,numeric
x340,251,-1,5913,19,0,numeric
x782,251,-1,5309,19,0,numeric
x77,251,-1.0,19.18,19,0,numeric
x992,250,-1,616,19,0,numeric
x1022,249,-1,209,19,0,numeric
x139,248,-1.0,35.15,83,0,numeric
x203,246,-1.0,16.51,19,0,numeric
x550,245,-1,371,6115,0,numeric
x1001,245,-1,99,19,0,numeric
x388,244,-1,265,19,0,numeric
x964,244,-1,19,4421,0,numeric
x1116,243,1,36,0,0,category
x511,243,-1,677179,19,91,numeric
x287,243,-1,33082,19,30,numeric
x752,243,-1,8231,19,0,numeric
x197,243,-1.0,14.77,19,0,numeric
x355,242,0.03,18676.0,0,7,numeric
x614,242,-1,17022,19,4,numeric
x678,242,-1,13856,19,1,numeric
x750,242,-1,11385,19,1,numeric
x370,242,-1,10536,19,1,numeric
x103,242,-1.0,100.0,130,0,numeric
x858,241,-1,24487,19,3,numeric
x431,240,-1.0,5082.35,52,0,numeric
x1083,240,-1,2705,4951,0,numeric
x875,240,-1,653,19,0,numeric
x78,240,-1.0,14.2,19,0,numeric
x647,239,-1,395,10188,0,numeric
x722,238,-1,10945,19,1,numeric
x1102,238,-1,2449,4951,0,numeric
x646,238,-1,237,13169,0,numeric
x91,237,-1.0,60.06,83,0,numeric
x341,236,-1,3520,19,0,numeric
x669,236,-1,3286,19,0,numeric
x582,235,-1,1148,19,0,numeric
x224,233,-1.0,51.2,19,0,numeric
x360,232,0.0,11278.0,0,1,numeric
x967,232,-1,22414532,12142,1881,numeric
x978,232,-1,1221,19,0,numeric
x920,232,-1,370,4951,0,numeric
x576,232,-1,273,19,0,numeric
x7,232,-1.0,58.6,19,0,numeric
x949,231,-1.0,7913.44,285,0,numeric
x1057,231,-1,1126,4951,0,numeric
x960,231,-1.0,292.26,4421,0,numeric
x116,230,-1.0,20.38,19,0,numeric
x512,229,-1,134047,19,3,numeric
x764,229,-1,18720,19,4,numeric
x823,229,-1,12234,19,7,numeric
x643,229,-1,3523,19,0,numeric
x1010,229,-1,398,19,0,numeric
x410,228,-1.0,2306.0,19,0,numeric
x585,228,-1,1016,19,0,numeric
x373,227,-1,1211,19,0,numeric
x34,227,-1.0,34.47,19,0,numeric
x994,226,-1,1138,19,0,numeric
x733,226,-1,196,19,0,numeric
x497,224,-1,433,83,0,numeric
x981,224,-1,182,19,0,numeric
x821,224,-1,121,19,0,numeric
x565,223,-1,6136,19,0,numeric
x432,223,-1.0,2589.06,52,0,numeric
x704,223,-1,1070,19,0,numeric
x1059,223,-1,930,4951,0,numeric
x805,222,-1,21848,19,9,numeric
x563,222,-1,18666,19,1,numeric
x335,222,-1,5,19,0,numeric
x374,221,-1,1160,19,0,numeric
x968,220,-1,22414532,12142,1209,numeric
x707,220,-1,8617,19,0,numeric
x389,220,-1,185,19,0,numeric
x792,219,-1,14775,19,10,numeric
x609,219,-1,4966,19,0,numeric
x473,219,-1,617,20,0,numeric
x716,218,-1,129551,19,150,numeric
x391,218,-1.0,4130.0,19,0,numeric
x593,218,-1,24,44,0,numeric
x802,217,-1,4704,19,0,numeric
x64,216,-1.0,100.0,130,0,numeric
x127,216,-1.0,50.0,131,0,numeric
x713,215,-1,107453,19,6,numeric
x605,215,-1,431,19,0,numeric
x575,214,-1,11972,19,2,numeric
x436,214,-1,2863,52,0,numeric
x387,214,-1,96,19,0,numeric
x5,214,-1.0,20.09,19,0,numeric
x850,213,-1,11341,19,2,numeric
x285,213,-1,497,19,0,numeric
x1104,213,-1,322,4951,0,numeric
x1003,213,-1,222,19,0,numeric
x868,212,-1,36415,19,2,numeric
x849,211,-1,76376,19,31,numeric
x530,210,-1,30046,19,19,numeric
x761,210,-1,13894,19,1,numeric
x256,210,-1,375,19,0,numeric
x429,209,-1,1481,52,0,numeric
x621,209,-1,1321,19,0,numeric
x973,208,-1,22785057,13588,1344,numeric
x993,208,-1,357,19,0,numeric
x253,207,-1,15475,19,1,numeric
x517,207,-1,3523,19,0,numeric
x555,207,-1,1361,19,0,numeric
x988,207,-1,545,19,0,numeric
x12,207,-1.0,18.6,19,0,numeric
x651,206,-1,549,19,0,numeric
x648,206,-1,398,6585,0,numeric
x684,206,-1,122,19,0,numeric
x61,206,-1.0,34.15,83,0,numeric
x736,205,-1,121,19,0,numeric
x866,204,-1,124,19,0,numeric
x49,204,-1.0,28.57,92,0,numeric
x32,203,-1.0,100.0,130,0,numeric
x857,202,-1,167,19,0,numeric
x56,202,-1.0,19.35,131,0,numeric
x351,201,0.04,19558.0,0,10,numeric
x974,201,-1,22785057,13588,862,numeric
x847,201,-1,628,19,0,numeric
x629,200,-1,175117,19,180,numeric
x990,200,-1,292,19,0,numeric
x1009,200,-1,54,19,0,numeric
x1074,199,-1,12359,4951,1,numeric
x1064,199,-1,362,4951,0,numeric
x560,198,-1,14517,19,3,numeric
x581,198,-1,11610,19,1,numeric
x997,198,-1,461,19,0,numeric
x371,198,-1,250,19,0,numeric
x796,197,-1,25078,19,4,numeric
x843,197,-1,12007,19,2,numeric
x379,197,-1,940,19,0,numeric
x33,197,-1.0,100.0,130,0,numeric
x1105,196,-1,446,4951,0,numeric
x372,196,-1,255,19,0,numeric
x573,195,-1,134047,19,1,numeric
x48,195,-1.0,72.45,92,0,numeric
x633,194,-1,71336,19,415,numeric
x699,194,-1,7309,19,0,numeric
x781,192,-1,10295,19,1,numeric
x803,192,-1,249,19,0,numeric
x381,191,-1,14637,19,9,numeric
x804,190,-1,49129,19,13,numeric
x1011,190,-1,89,19,0,numeric
x937,190,-1,67,4951,0,numeric
x763,189,-1,74565,19,192,numeric
x553,189,-1,582,6510,0,numeric
x683,188,-1,20357,19,4,numeric
x1135,187,1,36,0,0,category
x174,187,-1.0,18.45,19,0,numeric
x470,186,0,398,0,0,numeric
x836,186,-1,677179,19,54,numeric
x326,186,-1,23,19,0,numeric
x777,185,-1,150,19,0,numeric
x225,183,-1.0,15.79,19,0,numeric
x955,182,-1,65,4421,0,numeric
x1015,181,-1,825,19,0,numeric
x330,181,-1.0,133.398,4280,0,numeric
x835,180,-1,9415,19,0,numeric
x1072,180,-1,9409,4951,0,numeric
x657,180,-1,368,19,0,numeric
x271,179,-1,37681,19,43,numeric
x862,179,-1,146,19,0,numeric
x408,178,-1,678,19,0,numeric
x1060,178,-1,355,4951,0,numeric
x386,177,-1,144,19,0,numeric
x394,177,-1,72,19,0,numeric
x624,176,-1,18540,19,1,numeric
x493,176,-1,346,83,0,numeric
x267,175,-1,125,19,0,numeric
x415,174,1,4,0,0,category
x221,174,-1.0,10.25,19,0,numeric
x982,173,-1,172,19,0,numeric
x709,173,-1,77,19,0,numeric
x1131,172,1,35,0,0,category
x562,171,-1,16085,19,2,numeric
x369,170,-1,7672,19,0,numeric
x460,169,0,215,0,0,numeric
x480,169,-1,562,21,0,numeric
x749,168,-1,15950,19,1,numeric
x411,167,1,7,0,0,category
x809,167,-1,2309,19,0,numeric
x244,167,-1,194,19,0,numeric
x579,166,-1,465,19,0,numeric
x679,166,-1,81,19,0,numeric
x826,165,-1,8361,19,0,numeric
x405,165,-1,658,19,0,numeric
x924,165,-1,51,4951,0,numeric
x1090,164,-1,2303,4951,0,numeric
x23,164,-1.0,44.79,131,0,numeric
x613,163,-1,83075,19,107,numeric
x1068,163,-1,1519,4951,0,numeric
x1120,162,1,8,0,0,category
x1087,162,-1,9995,4951,0,numeric
x732,162,-1,147,19,0,numeric
x610,161,-1,5959,19,0,numeric
x828,160,-1,121,19,0,numeric
x1053,160,-1,103,4951,0,numeric
x529,159,-1,33028,19,13,numeric
x676,159,-1,11071,19,1,numeric
x255,159,-1,1750,19,0,numeric
x1118,158,1,34,0,0,category
x653,158,-1,20516,19,12,numeric
x602,158,-1,1050,19,0,numeric
x948,158,-1.0,843.0,286,0,numeric
x827,158,-1,154,19,0,numeric
x525,157,-1,29963,19,7,numeric
x790,157,-1,125,19,0,numeric
x69,156,-1.0,66.67,130,0,numeric
x1020,154,-1,239,19,0,numeric
x874,154,-1,153,19,0,numeric
x528,153,-1,29522,19,9,numeric
x626,152,-1,1859,19,0,numeric
x650,152,-1,416,10943,0,numeric
x513,151,-1,146502,19,7,numeric
x45,151,-1.0,33.5,19,0,numeric
x201,151,-1.0,14.92,19,0,numeric
x170,150,-1.0,19.9,19,0,numeric
x522,149,-1,38435,19,7,numeric
x945,149,-1.0,5173.04,285,0,numeric
x1017,149,-1,31,19,0,numeric
x322,148,-1,63,19,0,numeric
x459,147,0,925,0,0,numeric
x1048,146,-1,175,19,0,numeric
x687,145,-1,19156,19,29,numeric
x345,145,-1.0,1748.13,19,0,numeric
x625,145,-1,66,19,0,numeric
x887,145,-1,54,4951,0,numeric
x594,143,-1,4373,19,0,numeric
x328,143,-1,21,92,0,numeric
x1125,142,1,8,0,0,category
x574,142,-1,150503,19,2,numeric
x390,142,-1,34,19,0,numeric
x674,141,-1,5210,19,0,numeric
x987,141,-1,156,19,0,numeric
x863,141,-1,116,19,0,numeric
x991,141,-1,83,19,0,numeric
x108,141,-1.0,19.55,19,0,numeric
x202,141,-1.0,10.8,19,0,numeric
x1021,140,-1,101,19,0,numeric
x904,140,-1,8,4951,0,numeric
x703,139,-1,2692,19,0,numeric
x533,136,-1,690,19,0,numeric
x885,136,-1,1,4951,0,category
x800,135,-1,706,19,0,numeric
x675,135,-1,87,19,0,numeric
x1078,134,-1.0,220.85,4951,0,numeric
x444,134,-1,1,13651,0,category
x677,132,-1,16777,19,2,numeric
x631,132,-1,358,19,0,numeric
x983,132,-1,115,19,0,numeric
x589,131,-1,3286,19,0,numeric
x819,131,-1,387,13061,0,numeric
x780,131,-1,10,44,0,numeric
x844,130,-1,9519,19,0,numeric
x547,130,-1,387,13030,0,numeric
x667,130,-1,21,19,0,numeric
x283,129,-1,351,19,0,numeric
x1067,129,-1,289,4951,0,numeric
x1112,127,1,33,0,0,category
x806,127,-1,106,19,0,numeric
x461,126,0,50,0,0,numeric
x1133,124,1,8,0,0,category
x654,123,-1,29714,19,13,numeric
x1008,123,-1,73,19,0,numeric
x930,123,-1,20,4951,0,numeric
x1007,122,-1,24,19,0,numeric
x523,121,-1,5784,19,0,numeric
x905,120,-1,388,4951,0,numeric
x762,119,-1,646,19,0,numeric
x1113,118,1,33,0,0,category
x918,118,-1,466,4951,0,numeric
x327,117,-1,3157,92,0,numeric
x521,117,-1,464,19,0,numeric
x269,117,-1,323,19,0,numeric
x1136,116,1,8,0,0,category
x544,116,-1,11,19,0,numeric
x845,114,-1,5075,19,0,numeric
x1107,113,1,34,0,0,category
x789,113,-1,251,19,0,numeric
x535,113,-1,119,19,0,numeric
x793,113,-1,112,19,0,numeric
x380,113,-1,16,19,0,numeric
x908,112,-1,55,4951,0,numeric
x1049,112,-1,33,19,0,numeric
x630,111,-1,2117,19,0,numeric
x962,111,-1,19,4421,0,numeric
x1046,111,-1,1,24,0,category
x242,110,-1,13642,19,1,numeric
x531,110,-1,8072,19,0,numeric
x273,110,-1,340,19,0,numeric
x837,109,-1,146502,19,4,numeric
x509,109,-1,632,19,0,numeric
x705,107,-1,289,19,0,numeric
x260,107,-1,170,19,0,numeric
x595,107,-1,29,19,0,numeric
x1066,106,-1,308,4951,0,numeric
x265,105,-1,21837,19,2,numeric
x623,104,-1,14591,19,1,numeric
x527,104,-1,304,19,0,numeric
x980,104,-1,114,19,0,numeric
x939,104,-1,6,4951,0,numeric
x931,103,-1,2,4951,0,numeric
x838,102,-1,913,19,0,numeric
x892,102,-1,4,4951,0,numeric
x1111,101,1,27,0,0,category
x570,101,-1,2599,19,0,numeric
x258,101,-1,233,19,0,numeric
x751,101,-1,62,19,0,numeric
x889,101,-1,20,4951,0,numeric
x935,99,-1,82,4951,0,numeric
x921,98,-1,54,4951,0,numeric
x611,97,-1,150503,19,4,numeric
x715,97,-1,8954,19,0,numeric
x532,97,-1,6188,19,0,numeric
x832,97,-1,1779,19,0,numeric
x693,97,-1,1536,19,0,numeric
x245,97,-1,302,19,0,numeric
x985,97,-1,175,19,0,numeric
x324,96,-1,5,19,0,numeric
x747,95,-1,619,19,0,numeric
x402,95,-1,95,19,0,numeric
x378,95,-1,64,19,0,numeric
x1062,94,-1,280,4951,0,numeric
x1016,94,-1,36,19,0,numeric
x567,91,-1,13,19,0,numeric
x783,89,-1,5495,19,0,numeric
x682,89,-1,112,19,0,numeric
x1012,89,-1,51,19,0,numeric
x466,88,0,37,0,0,numeric
x671,88,-1,4435,19,0,numeric
x628,88,-1,304,19,0,numeric
x910,88,-1,12,4951,0,numeric
x586,87,-1,214,19,0,numeric
x765,87,-1,168,19,0,numeric
x708,87,-1,65,19,0,numeric
x1013,87,-1,15,19,0,numeric
x1119,86,1,8,0,0,category
x1025,86,-1,81,19,0,numeric
x608,86,-1,70,19,0,numeric
x1006,86,-1,28,19,0,numeric
x1128,85,1,8,0,0,category
x1123,85,1,8,0,0,category
x869,85,-1,39,19,0,numeric
x795,84,-1,914,19,0,numeric
x561,83,-1,96,19,0,numeric
x756,81,-1,6508,19,0,numeric
x279,81,-1,3959,19,0,numeric
x770,81,-1,186,19,0,numeric
x753,81,-1,68,19,0,numeric
x1085,80,-1,262,4951,0,numeric
x243,80,-1,154,19,0,numeric
x881,79,-1,20,4951,0,numeric
x1126,78,1,8,0,0,category
x882,78,-1,25,4951,0,numeric
x464,77,0,198,0,0,numeric
x720,77,-1,7309,19,0,numeric
x414,77,-1,14,19,0,numeric
x799,77,-1,11,19,0,numeric
x1127,76,1,8,0,0,category
x926,76,-1,23,4951,0,numeric
x742,74,-1,2657,19,0,numeric
x1073,74,-1,930,4951,0,numeric
x1106,74,-1,266,4951,0,numeric
x998,73,-1,65,19,0,numeric
x928,73,-1,24,4951,0,numeric
x467,72,0,11,0,0,numeric
x612,72,-1,106,19,0,numeric
x745,72,-1,62,19,0,numeric
x870,72,-1,25,19,0,numeric
x377,71,-1,43,19,0,numeric
x848,70,-1,112,19,0,numeric
x1124,68,1,8,0,0,category
x251,68,-1,20582,19,5,numeric
x915,68,-1,247,4951,0,numeric
x680,68,-1,89,19,0,numeric
x839,68,-1,50,19,0,numeric
x423,68,-1,6,19,0,numeric
x1081,67,-1,89,4951,0,numeric
x375,67,-1,44,19,0,numeric
x888,67,-1,15,4951,0,numeric
x1121,66,1,8,0,0,category
x250,66,-1,3036,19,0,numeric
x902,66,-1,79,4951,0,numeric
x332,66,-1,38,19,0,numeric
x984,64,-1,40,19,0,numeric
x290,63,-1,4355,19,0,numeric
x971,63,-1,69,19,0,numeric
x1122,61,1,8,0,0,category
x263,61,-1,1069,19,0,numeric
x1084,61,-1,1065,4951,0,numeric
x569,61,-1,36,19,0,numeric
x1071,60,-1,838,4951,0,numeric
x717,60,-1,369,19,0,numeric
x510,59,-1,103,19,0,numeric
x673,59,-1,73,19,0,numeric
x934,59,-1,6,4951,0,numeric
x526,58,-1,240,19,0,numeric
x840,58,-1,64,19,0,numeric
x577,58,-1,58,19,0,numeric
x807,58,-1,14,19,0,numeric
x442,58,-1,0,13651,0,numeric
x1061,57,-1,28,4951,0,numeric
x600,57,-1,22,19,0,numeric
x1075,56,-1,196,4951,0,numeric
x519,56,-1,150,19,0,numeric
x880,56,-1,57,19,0,numeric
x841,56,-1,44,19,0,numeric
x938,56,-1,6,4951,0,numeric
x580,55,-1,202,19,0,numeric
x810,54,-1,772,19,0,numeric
x794,54,-1,112,19,0,numeric
x627,53,-1,301,19,0,numeric
x759,53,-1,69,19,0,numeric
x1092,52,-1,124,4951,0,numeric
x376,51,-1,52,19,0,numeric
x596,51,-1,20,19,0,numeric
x701,50,-1,18,19,0,numeric
x659,49,-1,90,19,0,numeric
x425,48,-1,245,19,0,numeric
x1000,48,-1,51,19,0,numeric
x1063,48,-1,32,4951,0,numeric
x465,47,0,388,0,0,numeric
x1101,47,-1,318,4951,0,numeric
x816,47,-1,72,19,0,numeric
x754,47,-1,36,19,0,numeric
x919,47,-1,22,4951,0,numeric
x314,47,-1,1,63,0,category
x969,45,-1,49,19,0,numeric
x454,44,-1,1,13778,0,category
x664,43,-1,3151,19,0,numeric
x449,43,-1,1,14051,0,category
x443,43,-1,1,13651,0,numeric
x416,42,1,4,0,0,category
x1056,42,-1,101,4951,0,numeric
x618,42,-1,72,19,0,numeric
x706,41,-1,67,19,0,numeric
x249,40,-1,4906,19,0,numeric
x502,40,-1,1385,19,0,numeric
x1070,40,-1,196,4951,0,numeric
x1086,40,-1,86,4951,0,numeric
x1028,40,-1,28,19,0,numeric
x1037,40,-1,1,24,0,category
x537,39,-1,592,19,0,numeric
x1058,39,-1,98,4951,0,numeric
x302,39,-2,1,25,0,category
x1076,38,-1,251,4951,0,numeric
x632,38,-1,82,19,0,numeric
x420,38,-1,24,19,0,numeric
x932,38,-1,15,4951,0,numeric
x871,38,-1,15,19,0,numeric
x1027,38,-1,14,19,0,numeric
x309,38,-1,1,2870,0,category
x1040,38,-1,1,2850,0,category
x672,37,-1,103,19,0,numeric
x572,37,-1,80,19,0,numeric
x419,37,-1,22,19,0,numeric
x668,37,-1,10,19,0,numeric
x1089,36,-1,397,4951,0,numeric
x331,36,-1,6,19,0,numeric
x622,35,-1,145,19,0,numeric
x694,35,-1,54,19,0,numeric
x1014,35,-1,13,19,0,numeric
x1069,34,-1,172,4951,0,numeric
x1054,34,-1,100,4951,0,numeric
x779,34,-1,5,44,0,numeric
x315,34,-1,1,94,0,category
x452,34,-1,0,13778,0,category
x539,33,-1,9764,19,0,numeric
x1082,33,-1,605,4951,0,numeric
x599,33,-1,25,19,0,numeric
x917,33,-1,15,4951,0,numeric
x670,33,-1,14,19,0,numeric
x639,33,-1,12,19,0,numeric
x1033,33,-1,0,13355,0,category
x278,32,-1,3545,19,0,numeric
x597,32,-1,2324,19,0,numeric
x543,32,-1,18,19,0,numeric
x1034,32,-1,0,13342,0,category
x739,31,-1,1385,19,0,numeric
x1099,31,-1,263,4951,0,numeric
x1080,31,-1,226,4951,0,numeric
x1098,31,-1,68,4951,0,numeric
x1002,31,-1,12,19,0,numeric
x453,31,-1,0,13778,0,category
x571,30,-1,87,19,0,numeric
x927,30,-1,3,4951,0,numeric
x457,29,0,256,0,0,numeric
x1097,29,-1,139,4951,0,numeric
x540,29,-1,3,83,0,numeric
x1036,29,-1,1,585,0,category
x280,28,-1,155,19,0,numeric
x1091,28,-1,113,4951,0,numeric
x712,27,-1,106,19,0,numeric
x1094,27,-1,99,4951,0,numeric
x718,27,-1,74,19,0,numeric
x907,27,-1,52,4951,0,numeric
x261,27,-1,39,19,0,numeric
x446,27,-1,16,13651,0,numeric
x893,27,-1,6,4951,0,numeric
x801,26,-1,90,19,0,numeric
x740,26,-1,61,19,0,numeric
x884,26,-1,1,4951,0,category
x492,25,-1,298,19,0,numeric
x264,25,-1,261,19,0,numeric
x714,25,-1,76,19,0,numeric
x784,25,-1,26,19,0,numeric
x439,25,-1,1,13998,0,category
x1032,25,-1,1,34,0,category
x1039,25,-1,0,13297,0,category
x662,24,-1,31,19,0,numeric
x989,24,-1,26,19,0,numeric
x711,24,-1,18,19,0,numeric
x313,24,-1,1,95,0,category
x1088,23,-1,208,4951,0,numeric
x691,23,-1,33,19,0,numeric
x916,23,-1,12,4951,0,numeric
x891,23,-1,8,4951,0,numeric
x811,23,-1,4,83,0,numeric
x598,22,-1,3027,19,0,numeric
x719,22,-1,79,19,0,numeric
x975,22,-1,49,19,0,numeric
x1042,22,-1,1,443,0,category
x508,21,-1,256,19,0,numeric
x808,21,-1,6,19,0,numeric
x301,21,-1,1,14517,0,category
x1031,21,-1,0,13298,0,category
x688,20,-1,256,19,0,numeric
x311,20,-1,1,3663,0,category
x758,19,-1,154,19,0,numeric
x925,19,-1,12,4951,0,numeric
x896,19,-1,4,4951,0,numeric
x1096,18,-1,261,4951,0,numeric
x755,18,-1,64,19,0,numeric
x1065,18,-1,27,4951,0,numeric
x1030,18,-1,16,19,0,numeric
x445,18,-1,1,13651,0,numeric
x883,18,-1,1,4951,0,category
x319,18,-1,1,53,0,category
x447,18,-1,0,14051,0,category
x518,17,-1,681,19,0,numeric
x1100,17,-1,206,4951,0,numeric
x724,17,-1,45,19,0,numeric
x898,17,-1,5,4951,0,numeric
x965,16,-1,23,19,0,numeric
x903,16,-1,11,4951,0,numeric
x1041,16,-1,1,3647,0,category
x1035,16,-1,1,3642,0,category
x316,16,-1,1,53,0,category
x426,16,-1,1,19,0,category
x936,15,-1,5,4951,0,numeric
x901,15,-1,4,4951,0,numeric
x1047,15,-1,1,576,0,category
x1045,15,-1,1,34,0,category
x437,15,-1,0,13998,0,numeric
x1044,14,-1,1,13298,0,category
x448,14,-1,0,14051,0,category
x644,13,-1,395,19,0,numeric
x281,13,-1,167,19,0,numeric
x1093,13,-1,22,4951,0,numeric
x1043,13,-1,1,453,0,category
x833,12,-1,1246,19,0,numeric
x1079,12,-1,53,4951,0,numeric
x247,12,-1,42,19,0,numeric
x262,12,-1,32,19,0,numeric
x970,12,-1,22,19,0,numeric
x438,12,-1,0,13998,0,category
x455,12,-1,0,13778,0,category
x498,11,-1,2148,83,0,numeric
x817,11,-1,681,19,0,numeric
x854,11,-1,230,19,0,numeric
x308,11,-1,1,4191,0,category
x1038,11,-1,1,4171,0,category
x317,11,-1,1,85,0,category
x450,11,-1,0,14051,0,category
x1095,10,-1,46,4951,0,numeric
x900,10,-1,5,4951,0,numeric
x303,10,-1,1,186,0,category
x275,9,-1,50,19,0,numeric
x834,9,-1,15,19,0,numeric
x906,9,-1,10,4951,0,numeric
x536,9,-1,6,19,0,numeric
x1052,9,-1,0,13298,0,category
x276,8,-1,5475,19,0,numeric
x728,8,-1,8,19,0,numeric
x886,8,-1,1,4951,0,category
x1132,7,1,7,0,0,category
x620,7,-1,395,19,0,numeric
x248,7,-1,66,19,0,numeric
x702,7,-1,17,19,0,numeric
x929,7,-1,2,4951,0,numeric
x1050,7,-1,1,13298,0,category
x320,7,-1,1,84,0,category
x312,7,-1,1,63,0,category
x1051,6,-1,0,13297,0,category
x501,5,-1,2148,83,0,numeric
x635,5,-1,1746,19,0,numeric
x619,5,-1,8,19,0,numeric
x895,5,-1,3,4951,0,numeric
x310,5,-1,1,3657,0,category
x318,5,-1,1,19,0,category
x505,4,-1,304,83,0,numeric
x291,4,-1,28,19,0,numeric
x441,4,-1,15,13998,0,numeric
x744,4,-1,10,19,0,numeric
x922,4,-1,8,4951,0,numeric
x723,4,-1,8,19,0,numeric
x300,4,-1,1,8534,0,category
x776,3,-1,2223,19,0,numeric
x495,3,-1,454,83,0,numeric
x456,3,-1,34,13778,0,numeric
x451,3,-1,15,14051,0,numeric
x440,3,-1,0,13998,0,category
x507,2,-1,304,83,0,numeric
x912,2,-1,10,4951,0,numeric
x923,2,-1,4,4951,0,numeric
x1134,1,7,8,0,0,category
x773,1,-1,494,19,0,numeric
x872,1,-1,20,19,0,numeric
x860,1,-1,10,19,0,numeric
x812,1,-1,3,19,0,numeric
x899,1,-1,2,4951,0,numeric
x894,1,-1,2,4951,0,numeric
